"SCHOOL_STATE","DONOR_STATE","SUM(DD.DNTN_TO_PROJECT)"
"AK","AA",8.5
"AK","AE",796.59
"AK","AK",137445.91
"AK","AL",1895.78
"AK","AR",384.95
"AK","AZ",3516.77
"AK","CA",186968.34
"AK","CO",3809.88
"AK","CT",5826.47
"AK","DC",9377.05
"AK","DE",239.35
"AK","FL",6732.08
"AK","GA",3323.97
"AK","GU",21.25
"AK","HI",578.09
"AK","IA",757.4
"AK","ID",1698.62
"AK","IL",14790.26
"AK","IN",1548.93
"AK","KS",685.87
"AK","KY",812.97
"AK","LA",692.79
"AK","MA",5783.27
"AK","MD",6932.23
"AK","ME",821.68
"AK","MI",3261.51
"AK","MN",6656.74
"AK","MO",2257.6
"AK","MS",1032.93
"AK","MT",1417.36
"AK","NC",1643.02
"AK","ND",1664.31
"AK","NE",218.04
"AK","NH",581.43
"AK","NJ",21928.53
"AK","NM",722.39
"AK","NV",1596.38
"AK","NY",78208.13
"AK","OH",2158.9
"AK","OK",1076.43
"AK","OR",9172
"AK","PA",4867.21
"AK","PR",42.5
"AK","RI",242
"AK","SC",1036.47
"AK","SD",637.68
"AK","TN",1821.53
"AK","TX",18748.52
"AK","UT",657.24
"AK","VA",10013.71
"AK","VT",712.1
"AK","WA",24141.46
"AK","WI",2278.11
"AK","WV",52.9
"AK","WY",128.35
"AK","",311512.55
"AL","AA",212.5
"AL","AE",1192.6
"AL","AK",1111.94
"AL","AL",512209.61
"AL","AP",398.85
"AL","AR",2998.39
"AL","AZ",6537.04
"AL","CA",221212.03
"AL","CO",6218.36
"AL","CT",11674.23
"AL","DC",25176.76
"AL","DE",1709.94
"AL","FL",32090.08
"AL","GA",89231.26
"AL","GU",46.5
"AL","HI",803.91
"AL","IA",2557.56
"AL","ID",959.83
"AL","IL",61163.81
"AL","IN",3538.49
"AL","KS",1761.45
"AL","KY",2897.32
"AL","LA",38263.11
"AL","MA",10681.07
"AL","MD",14866.87
"AL","ME",1268.82
"AL","MI",5452.86
"AL","MN",8621.57
"AL","MO",6290.78
"AL","MS",4179.21
"AL","MT",676.88
"AL","NC",18399.85
"AL","ND",242.7
"AL","NE",1446.11
"AL","NH",1583.65
"AL","NJ",36945
"AL","NM",1944.69
"AL","NV",1506.59
"AL","NY",447376.49
"AL","OH",5850.73
"AL","OK",45048.86
"AL","OR",3839.7
"AL","PA",13552.23
"AL","PR",21.25
"AL","RI",812.23
"AL","SC",3044.52
"AL","SD",222.08
"AL","TN",14567.72
"AL","TX",35297.61
"AL","UT",961.95
"AL","VA",17092.33
"AL","VI",105.95
"AL","VT",580.71
"AL","WA",31650.74
"AL","WI",4256.21
"AL","WV",634.76
"AL","WY",1055.7
"AL","",774604.4
"AR","AA",8.5
"AR","AE",353.57
"AR","AK",1286.41
"AR","AL",2175.38
"AR","AP",342.61
"AR","AR",1489669.62
"AR","AS",219
"AR","AZ",15501.4
"AR","CA",119713.36
"AR","CO",11101.88
"AR","CT",7968.12
"AR","DC",11954.81
"AR","DE",1346.48
"AR","FL",13716.58
"AR","GA",19624.76
"AR","GU",22.1
"AR","HI",954.11
"AR","IA",1341.15
"AR","ID",1233.69
"AR","IL",28252.41
"AR","IN",3728.96
"AR","KS",2100.97
"AR","KY",788.98
"AR","LA",5832.79
"AR","MA",13824.68
"AR","MD",10660.24
"AR","ME",619.85
"AR","MI",4751.58
"AR","MN",2195.4
"AR","MO",7756.09
"AR","MS",1469.14
"AR","MT",439.65
"AR","NC",8160.91
"AR","ND",177.23
"AR","NE",951.85
"AR","NH",945.53
"AR","NJ",29961.82
"AR","NM",1351.14
"AR","NV",1184.53
"AR","NY",210766.47
"AR","OH",4853.2
"AR","OK",141216.36
"AR","OR",3018.91
"AR","PA",14804.55
"AR","RI",1019.7
"AR","SC",1896.84
"AR","SD",637.01
"AR","TN",7112.12
"AR","TX",28714.68
"AR","UT",1755.38
"AR","VA",18596.73
"AR","VT",140.9
"AR","WA",34561.47
"AR","WI",5193.6
"AR","WV",171.45
"AR","WY",269.54
"AR","",512944.3
"AZ","AA",20.5
"AZ","AE",676.91
"AZ","AK",2825.92
"AZ","AL",3918.26
"AZ","AP",153.34
"AZ","AR",2341.75
"AZ","AZ",1797555.61
"AZ","CA",336277.27
"AZ","CO",21286.13
"AZ","CT",14836.53
"AZ","DC",17630.2
"AZ","DE",24537.06
"AZ","FL",41972.4
"AZ","GA",15889.56
"AZ","GU",44.05
"AZ","HI",2784.93
"AZ","IA",4943.63
"AZ","ID",2100.29
"AZ","IL",97335.86
"AZ","IN",9517.53
"AZ","KS",5079.44
"AZ","KY",2516.24
"AZ","LA",15834.2
"AZ","MA",21111.98
"AZ","MD",22827.75
"AZ","ME",2767.72
"AZ","MI",29756.16
"AZ","MN",12164.12
"AZ","MO",13477.11
"AZ","MS",1066.16
"AZ","MT",4220.14
"AZ","NC",13005.8
"AZ","ND",2218.95
"AZ","NE",2027.94
"AZ","NH",3700.37
"AZ","NJ",67753.67
"AZ","NM",7322.58
"AZ","NV",15036.68
"AZ","NY",481390.92
"AZ","OH",15241.54
"AZ","OK",30200.9
"AZ","OR",18750.14
"AZ","PA",27549.03
"AZ","PR",155
"AZ","RI",2678.61
"AZ","SC",5145.07
"AZ","SD",1621.02
"AZ","TN",6731.07
"AZ","TX",40491.44
"AZ","UT",9644.93
"AZ","VA",27385.7
"AZ","VI",87.55
"AZ","VT",803.81
"AZ","WA",93881.26
"AZ","WI",11780.07
"AZ","WV",650.47
"AZ","WY",5614.76
"AZ","",1076024.97
"CA","AA",221.13
"CA","AE",7814.29
"CA","AK",15632.85
"CA","AL",18777.52
"CA","AP",6134.78
"CA","AR",15729.82
"CA","AS",157.2
"CA","AZ",206631.96
"CA","CA",39912021.59
"CA","CO",204785.38
"CA","CT",204064.73
"CA","DC",256377.69
"CA","DE",21081.82
"CA","FL",222551.73
"CA","GA",118722
"CA","GU",2624.51
"CA","HI",40575.15
"CA","IA",47739.37
"CA","ID",16899.19
"CA","IL",551783.87
"CA","IN",182173.66
"CA","KS",19219.03
"CA","KY",21228.71
"CA","LA",31038.24
"CA","MA",265817.73
"CA","MD",203095.45
"CA","ME",19245.76
"CA","MI",99163.87
"CA","MN",113064.59
"CA","MO",68029.32
"CA","MS",6725.17
"CA","MT",13613.25
"CA","NC",118318.38
"CA","ND",3964.85
"CA","NE",28357.85
"CA","NH",35850.13
"CA","NJ",973712.59
"CA","NM",27188.17
"CA","NV",63087.04
"CA","NY",6527252.48
"CA","OH",90946.53
"CA","OK",160983.76
"CA","OR",116613.35
"CA","PA",191364.96
"CA","PR",1784.75
"CA","RI",14215.92
"CA","SC",31479.59
"CA","SD",4767.53
"CA","TN",47847.47
"CA","TX",373290.9
"CA","UT",36614.98
"CA","VA",222166.37
"CA","VI",1538.44
"CA","VT",9754.68
"CA","WA",853547.32
"CA","WI",77162.84
"CA","WV",8947.44
"CA","WY",6421.78
"CA","",15967383.03
"CO","AA",31.68
"CO","AE",1436.84
"CO","AK",1784.43
"CO","AL",3249.27
"CO","AP",372.64
"CO","AR",3199.94
"CO","AZ",22908.38
"CO","CA",276438.03
"CO","CO",1306862.42
"CO","CT",16842.61
"CO","DC",18481.87
"CO","DE",1065.86
"CO","FL",55146.64
"CO","GA",15698.89
"CO","HI",3635.68
"CO","IA",6291.9
"CO","ID",2495.8
"CO","IL",92164.57
"CO","IN",16932.07
"CO","KS",7891.01
"CO","KY",2927.84
"CO","LA",10809.83
"CO","MA",27461.43
"CO","MD",19469.77
"CO","ME",1916.79
"CO","MI",31033.23
"CO","MN",9797.7
"CO","MO",9811.8
"CO","MS",1415.41
"CO","MT",3424.98
"CO","NC",15651.84
"CO","ND",1746.06
"CO","NE",5819.96
"CO","NH",2901.59
"CO","NJ",53994.54
"CO","NM",5224.32
"CO","NV",3906.46
"CO","NY",362176.37
"CO","OH",12809.18
"CO","OK",13940.73
"CO","OR",9701.14
"CO","PA",20002.62
"CO","PR",224.39
"CO","RI",2354.22
"CO","SC",4875.03
"CO","SD",1233.43
"CO","TN",11123.65
"CO","TX",39438.71
"CO","UT",4298.14
"CO","VA",20507.62
"CO","VI",17
"CO","VT",2117.64
"CO","WA",51872.99
"CO","WI",10266.23
"CO","WV",366.64
"CO","WY",2171.58
"CO","",726396.98
"CT","AA",130.38
"CT","AE",385.7
"CT","AK",824.99
"CT","AL",1260.81
"CT","AP",86.89
"CT","AR",736.38
"CT","AZ",8366.57
"CT","CA",168704.99
"CT","CO",13504.97
"CT","CT",1430241.32
"CT","DC",18281.76
"CT","DE",1382.33
"CT","FL",26222.98
"CT","GA",12121.49
"CT","GU",174.25
"CT","HI",2002.22
"CT","IA",2407.72
"CT","ID",566.61
"CT","IL",57368.61
"CT","IN",7405.35
"CT","KS",2022.27
"CT","KY",1975.64
"CT","LA",1351.18
"CT","MA",67105.98
"CT","MD",22053.65
"CT","ME",2476.68
"CT","MI",6485.08
"CT","MN",6696.39
"CT","MO",6684.96
"CT","MS",485.25
"CT","MT",1303.89
"CT","NC",14709.8
"CT","ND",365.07
"CT","NE",696.24
"CT","NH",5313.71
"CT","NJ",59276.8
"CT","NM",3069.67
"CT","NV",1801.78
"CT","NY",749000.5
"CT","OH",7587.73
"CT","OK",1908.53
"CT","OR",3953.98
"CT","PA",21875.35
"CT","PR",114.75
"CT","RI",5681.02
"CT","SC",4404.62
"CT","SD",387.42
"CT","TN",6834.2
"CT","TX",33105.63
"CT","UT",1661.42
"CT","VA",25261.34
"CT","VI",21.25
"CT","VT",2242.26
"CT","WA",59124.57
"CT","WI",7550.72
"CT","WV",539.79
"CT","WY",206.16
"CT","",650831.13
"DC","AA",106.25
"DC","AE",1412.91
"DC","AK",1585.13
"DC","AL",2718.42
"DC","AP",238.11
"DC","AR",903.04
"DC","AS",42.5
"DC","AZ",7364.58
"DC","CA",160879.77
"DC","CO",8553.4
"DC","CT",27238.98
"DC","DC",826651.38
"DC","DE",3899.22
"DC","FL",26916.02
"DC","GA",14957.32
"DC","HI",1226.04
"DC","IA",14846.46
"DC","ID",1324.8
"DC","IL",43671.06
"DC","IN",5816.88
"DC","KS",2873.23
"DC","KY",3663.37
"DC","LA",3971
"DC","MA",82315.2
"DC","MD",253253.53
"DC","ME",1888.84
"DC","MI",17494.99
"DC","MN",9295.17
"DC","MO",11111.48
"DC","MS",1126.23
"DC","MT",467.5
"DC","NC",26972.15
"DC","ND",806.92
"DC","NE",1974.99
"DC","NH",5316.58
"DC","NJ",63212.29
"DC","NM",2879.38
"DC","NV",1811.25
"DC","NY",401179.17
"DC","OH",14395.69
"DC","OK",1990.66
"DC","OR",7290.82
"DC","PA",38742.03
"DC","PR",119.85
"DC","RI",2739.24
"DC","SC",4928.44
"DC","SD",414.6
"DC","TN",9662.28
"DC","TX",36965.66
"DC","UT",1936.24
"DC","VA",304705.26
"DC","VI",62.25
"DC","VT",1693.62
"DC","WA",86304.74
"DC","WI",10882.75
"DC","WV",1307.65
"DC","WY",254.75
"DC","",597150.27
"DE","AE",111.44
"DE","AK",15.5
"DE","AL",234.63
"DE","AP",204.42
"DE","AR",58.76
"DE","AZ",1533.31
"DE","CA",26121.2
"DE","CO",2610.56
"DE","CT",1206.17
"DE","DC",6014.33
"DE","DE",180508.88
"DE","FL",4373.08
"DE","GA",4477.66
"DE","GU",21.25
"DE","HI",285.99
"DE","IA",269.9
"DE","ID",100.95
"DE","IL",23955.39
"DE","IN",975.06
"DE","KS",243.25
"DE","KY",347.47
"DE","LA",685.28
"DE","MA",5903.09
"DE","MD",12096.29
"DE","ME",129.5
"DE","MI",1394.92
"DE","MN",252.76
"DE","MO",1836.04
"DE","MS",119.23
"DE","MT",548.95
"DE","NC",2890.01
"DE","ND",21.58
"DE","NE",67.17
"DE","NH",336.05
"DE","NJ",22668.87
"DE","NM",56.75
"DE","NV",464.69
"DE","NY",65594.4
"DE","OH",1438.13
"DE","OK",230.29
"DE","OR",615.5
"DE","PA",26513.25
"DE","PR",283.07
"DE","RI",113.75
"DE","SC",1040.42
"DE","SD",55.85
"DE","TN",614.82
"DE","TX",7104.54
"DE","UT",534.71
"DE","VA",7551.44
"DE","VT",626.38
"DE","WA",1781.76
"DE","WI",3290.84
"DE","WV",169.06
"DE","WY",8.5
"DE","",271022.24
"FL","AE",6435.09
"FL","AK",4815.39
"FL","AL",22104.87
"FL","AP",1938.39
"FL","AR",4264.39
"FL","AS",5.1
"FL","AZ",28744.41
"FL","CA",1153064.83
"FL","CO",30785.83
"FL","CT",45358.64
"FL","DC",156428.9
"FL","DE",7111.65
"FL","FL",5679240.85
"FL","GA",80251.28
"FL","GU",80.25
"FL","HI",7459.31
"FL","IA",7860.94
"FL","ID",3311.85
"FL","IL",210181.3
"FL","IN",32543.63
"FL","KS",10438.58
"FL","KY",9924.85
"FL","LA",22135.6
"FL","MA",94520.49
"FL","MD",68876.98
"FL","ME",7342.19
"FL","MI",48811.28
"FL","MN",17164.51
"FL","MO",29584.84
"FL","MS",4767.69
"FL","MT",5002.33
"FL","NC",132817.77
"FL","ND",1241.03
"FL","NE",6095.24
"FL","NH",11966.63
"FL","NJ",228132.05
"FL","NM",6092.66
"FL","NV",6548.98
"FL","NY",1520616.22
"FL","OH",42127.15
"FL","OK",79905.91
"FL","OR",9437.7
"FL","PA",80029.72
"FL","PR",4245.4
"FL","RI",4278.78
"FL","SC",22216.05
"FL","SD",992.92
"FL","TN",28636.97
"FL","TX",102635.98
"FL","UT",6680.96
"FL","VA",95366.43
"FL","VI",477.36
"FL","VT",2900.4
"FL","WA",91243.21
"FL","WI",22727.41
"FL","WV",3455
"FL","WY",1280.51
"FL","",3051942.2
"GA","AA",102
"GA","AE",2807.19
"GA","AK",2637.09
"GA","AL",25213.77
"GA","AP",478.59
"GA","AR",4158.18
"GA","AS",66.61
"GA","AZ",19002.93
"GA","CA",781801.41
"GA","CO",16516.59
"GA","CT",17571.4
"GA","DC",26408.6
"GA","DE",5024.21
"GA","FL",119177.42
"GA","GA",2577717.12
"GA","GU",290
"GA","HI",3268.88
"GA","IA",6044.39
"GA","ID",3235.99
"GA","IL",136871.05
"GA","IN",24537.31
"GA","KS",5188.89
"GA","KY",5737.36
"GA","LA",11041.65
"GA","MA",388440.73
"GA","MD",35639.91
"GA","ME",7018.79
"GA","MI",21358.72
"GA","MN",7659.68
"GA","MO",12330.89
"GA","MP",21.25
"GA","MS",4513.01
"GA","MT",2396.69
"GA","NC",53930.37
"GA","ND",1354.55
"GA","NE",2785.02
"GA","NH",2660.64
"GA","NJ",98103.8
"GA","NM",3247.58
"GA","NV",5878.36
"GA","NY",764121.69
"GA","OH",20751.1
"GA","OK",75080
"GA","OR",12701.65
"GA","PA",33134.89
"GA","PR",602.38
"GA","RI",2781.41
"GA","SC",28231.33
"GA","SD",583.84
"GA","TN",25496.38
"GA","TX",58062.46
"GA","UT",2890.25
"GA","VA",55262.5
"GA","VI",375.75
"GA","VT",1051.6
"GA","WA",67262.83
"GA","WI",12432.18
"GA","WV",2450.06
"GA","WY",664.26
"GA","",2334091.68
"HI","AE",1433.54
"HI","AK",1468.78
"HI","AL",468.73
"HI","AP",269.18
"HI","AR",435.51
"HI","AZ",10682.35
"HI","CA",443489.26
"HI","CO",8468.24
"HI","CT",4875.02
"HI","DC",7698.22
"HI","DE",682.47
"HI","FL",7118.2
"HI","GA",5138.32
"HI","HI",560250.11
"HI","IA",1186
"HI","ID",788.65
"HI","IL",25204.07
"HI","IN",3449.46
"HI","KS",767.25
"HI","KY",704.78
"HI","LA",1723.43
"HI","MA",15012.54
"HI","MD",8833.81
"HI","ME",512.14
"HI","MI",3686.34
"HI","MN",2234.55
"HI","MO",2350.65
"HI","MS",284.92
"HI","MT",1536.7
"HI","NC",3734.28
"HI","ND",274.65
"HI","NE",308.08
"HI","NH",2680.26
"HI","NJ",13700.67
"HI","NM",822.45
"HI","NV",1545.54
"HI","NY",128071.97
"HI","OH",3266.36
"HI","OK",1569.14
"HI","OR",7898.17
"HI","PA",8101.33
"HI","PR",178.5
"HI","RI",380.5
"HI","SC",1205.39
"HI","SD",411.25
"HI","TN",1890.41
"HI","TX",19181.6
"HI","UT",1747.9
"HI","VA",10199.76
"HI","VT",587
"HI","WA",32685.62
"HI","WI",3204.6
"HI","WV",133.29
"HI","WY",200.6
"HI","",721315.09
"IA","AE",230.19
"IA","AK",355.67
"IA","AL",914.3
"IA","AP",536.55
"IA","AR",741.03
"IA","AZ",4277.01
"IA","CA",83638.91
"IA","CO",6904.81
"IA","CT",2419.31
"IA","DC",14386.8
"IA","DE",1439.14
"IA","FL",9492.64
"IA","GA",6998.96
"IA","GU",54.31
"IA","HI",601.96
"IA","IA",329713.73
"IA","ID",186.78
"IA","IL",325667.27
"IA","IN",4195.5
"IA","KS",2649.28
"IA","KY",283.43
"IA","LA",2096.34
"IA","MA",5240.28
"IA","MD",6144.29
"IA","ME",488.45
"IA","MI",3596.98
"IA","MN",13342.96
"IA","MO",8339.61
"IA","MS",141.41
"IA","MT",82.85
"IA","NC",3487.02
"IA","ND",1761.14
"IA","NE",6962.41
"IA","NH",5060.15
"IA","NJ",16912.57
"IA","NM",447.25
"IA","NV",967.09
"IA","NY",124235.52
"IA","OH",2873.96
"IA","OK",2535.04
"IA","OR",1404.27
"IA","PA",5846.85
"IA","PR",41.75
"IA","RI",481.74
"IA","SC",612.57
"IA","SD",1598.79
"IA","TN",1653.86
"IA","TX",11042.24
"IA","UT",856.05
"IA","VA",6860.05
"IA","VT",645.71
"IA","WA",21153.31
"IA","WI",18942.74
"IA","WV",339.85
"IA","WY",156.5
"IA","",218387.77
"ID","AK",655.24
"ID","AL",842.75
"ID","AP",21.25
"ID","AR",358.25
"ID","AZ",6267.54
"ID","CA",80758
"ID","CO",2725.7
"ID","CT",2810.91
"ID","DC",4685.92
"ID","DE",1265.91
"ID","FL",3053.64
"ID","GA",4969.36
"ID","GU",118.1
"ID","HI",426.19
"ID","IA",1742.74
"ID","ID",251293.86
"ID","IL",11201.48
"ID","IN",3303.83
"ID","KS",217.43
"ID","KY",1510.28
"ID","LA",785.51
"ID","MA",12351.78
"ID","MD",4312.17
"ID","ME",1305.07
"ID","MI",2809.97
"ID","MN",1305.36
"ID","MO",1618.57
"ID","MS",138.7
"ID","MT",998.92
"ID","NC",5335.29
"ID","ND",337.94
"ID","NE",985.48
"ID","NH",497.83
"ID","NJ",12155.94
"ID","NM",281.81
"ID","NV",1171.11
"ID","NY",120664.71
"ID","OH",2764.15
"ID","OK",15436.81
"ID","OR",6303.27
"ID","PA",6937.08
"ID","PR",2.61
"ID","RI",325.53
"ID","SC",895.28
"ID","SD",237.39
"ID","TN",583.21
"ID","TX",6118.88
"ID","UT",2738.68
"ID","VA",5480.08
"ID","VT",295.27
"ID","WA",41612.45
"ID","WI",1047.71
"ID","WV",1149.3
"ID","WY",746.85
"ID","",858227.51
"IL","AA",191.51
"IL","AE",1828.45
"IL","AK",5610.84
"IL","AL",9940.68
"IL","AP",1520.46
"IL","AR",14170.65
"IL","AZ",67938.26
"IL","CA",1055796.98
"IL","CO",62752.49
"IL","CT",86541.68
"IL","DC",73498.68
"IL","DE",9267.18
"IL","FL",190328.44
"IL","GA",60946.25
"IL","GU",550.43
"IL","HI",7180.34
"IL","IA",56397.58
"IL","ID",6891.84
"IL","IL",7554753.55
"IL","IN",208946.77
"IL","KS",17304.92
"IL","KY",12657.2
"IL","LA",16855.93
"IL","MA",432980.83
"IL","MD",81842.23
"IL","ME",7364.71
"IL","MI",104414.33
"IL","MN",65416.34
"IL","MO",62285.59
"IL","MS",4998.95
"IL","MT",4212.89
"IL","NC",64781.08
"IL","ND",1783.91
"IL","NE",10448.41
"IL","NH",9646.24
"IL","NJ",316074.41
"IL","NM",10278.68
"IL","NV",12962.9
"IL","NY",1774608.5
"IL","OH",76063.25
"IL","OK",40139.9
"IL","OR",23388.72
"IL","PA",94326.77
"IL","PR",1591.62
"IL","RI",7984.43
"IL","SC",12910.24
"IL","SD",2812.15
"IL","TN",27027.42
"IL","TX",145376.39
"IL","UT",8712.78
"IL","VA",115465.82
"IL","VI",318.45
"IL","VT",3147.94
"IL","WA",345949.72
"IL","WI",108454.78
"IL","WV",2335.29
"IL","WY",2000.02
"IL","",3637122.91
"IN","AA",44.51
"IN","AE",9036.9
"IN","AK",2092.05
"IN","AL",5261.89
"IN","AP",818.28
"IN","AR",2611.93
"IN","AZ",29697.65
"IN","CA",375507.61
"IN","CO",31056.32
"IN","CT",17480.35
"IN","DC",26584.48
"IN","DE",2445.7
"IN","FL",51144.43
"IN","GA",30628.13
"IN","GU",46.75
"IN","HI",1967.83
"IN","IA",6285.41
"IN","ID",5569.76
"IN","IL",231665.57
"IN","IN",3412672.86
"IN","KS",5379.02
"IN","KY",15804.63
"IN","LA",5258.05
"IN","MA",30063.5
"IN","MD",29137.17
"IN","ME",2807.65
"IN","MI",39503.2
"IN","MN",20515.19
"IN","MO",20441.77
"IN","MP",12.52
"IN","MS",1335.84
"IN","MT",1566.58
"IN","NC",30365.84
"IN","ND",539.89
"IN","NE",3308.26
"IN","NH",3884.02
"IN","NJ",121727.56
"IN","NM",3517.09
"IN","NV",4220.93
"IN","NY",558422.91
"IN","OH",32931.24
"IN","OK",19819.9
"IN","OR",7668.11
"IN","PA",31466.36
"IN","PR",180.86
"IN","RI",1954.18
"IN","SC",9913.42
"IN","SD",405.61
"IN","TN",14810.64
"IN","TX",83336.87
"IN","UT",2457.08
"IN","VA",36838.25
"IN","VI",53.3
"IN","VT",814.91
"IN","WA",136081.64
"IN","WI",14711.66
"IN","WV",1399.1
"IN","WY",895.72
"IN","",1295919.55
"KS","AA",120.65
"KS","AE",1249.33
"KS","AK",489.84
"KS","AL",598.96
"KS","AP",973.64
"KS","AR",1507.13
"KS","AZ",2885.36
"KS","CA",71658.26
"KS","CO",6173.15
"KS","CT",1982.53
"KS","DC",12051.14
"KS","DE",301.15
"KS","FL",29883.91
"KS","GA",8062.54
"KS","HI",962.13
"KS","IA",2401.8
"KS","ID",1513.99
"KS","IL",127151.59
"KS","IN",1819.35
"KS","KS",256599.62
"KS","KY",481.15
"KS","LA",2111.96
"KS","MA",5635.79
"KS","MD",6636.66
"KS","ME",1885.42
"KS","MI",2542.01
"KS","MN",2968.1
"KS","MO",121907.32
"KS","MS",152.3
"KS","MT",517.18
"KS","NC",2333.81
"KS","ND",132.87
"KS","NE",3314.33
"KS","NH",414.89
"KS","NJ",12237.7
"KS","NM",663.56
"KS","NV",479.76
"KS","NY",111530.2
"KS","OH",2663.48
"KS","OK",105792.23
"KS","OR",1931.75
"KS","PA",3355.33
"KS","RI",157.08
"KS","SC",578.78
"KS","SD",281.35
"KS","TN",3042.02
"KS","TX",17493.87
"KS","UT",330.39
"KS","VA",7504.47
"KS","VT",176.05
"KS","WA",16829.61
"KS","WI",1454.42
"KS","WV",239.38
"KS","WY",133.33
"KS","",278254
"KY","AE",286.79
"KY","AK",288.96
"KY","AL",2845.15
"KY","AP",10
"KY","AR",2843.62
"KY","AZ",4548.29
"KY","CA",90329.5
"KY","CO",9435.55
"KY","CT",9618.03
"KY","DC",14421.94
"KY","DE",786.5
"KY","FL",21410.41
"KY","GA",16916.45
"KY","HI",1037.66
"KY","IA",1348.06
"KY","ID",1005.03
"KY","IL",70954.99
"KY","IN",27462.37
"KY","KS",1173.26
"KY","KY",641950.39
"KY","LA",2121.52
"KY","MA",9688.51
"KY","MD",11777.14
"KY","ME",1315.7
"KY","MI",6337.82
"KY","MN",8758.64
"KY","MO",5052.45
"KY","MS",585.85
"KY","MT",234.26
"KY","NC",17583.62
"KY","ND",167.28
"KY","NE",700.16
"KY","NH",1160.28
"KY","NJ",32832.28
"KY","NM",1512.26
"KY","NV",1227.5
"KY","NY",297429.36
"KY","OH",19824.68
"KY","OK",66934.52
"KY","OR",2441.49
"KY","PA",10070.32
"KY","PR",8.5
"KY","RI",373.05
"KY","SC",4733.77
"KY","SD",159.65
"KY","TN",8943.84
"KY","TX",14446.72
"KY","UT",1180.43
"KY","VA",11373.78
"KY","VI",150.35
"KY","VT",1007.23
"KY","WA",61270.12
"KY","WI",4921.69
"KY","WV",2370.19
"KY","WY",99.12
"KY","",453359.08
"LA","AA",12.75
"LA","AE",2861.86
"LA","AK",2634.19
"LA","AL",9019.08
"LA","AP",428.96
"LA","AR",4180.88
"LA","AS",42.5
"LA","AZ",20211.13
"LA","CA",805325.15
"LA","CO",27113.09
"LA","CT",36147.79
"LA","DC",31707.16
"LA","DE",3801.15
"LA","FL",45136.25
"LA","GA",58104.31
"LA","GU",114.43
"LA","HI",2107.33
"LA","IA",5454.23
"LA","ID",2049.09
"LA","IL",99933.97
"LA","IN",8327.9
"LA","KS",6184.69
"LA","KY",5970.4
"LA","LA",1061470.14
"LA","MA",57077.55
"LA","MD",106114.37
"LA","ME",5596.75
"LA","MI",18726.87
"LA","MN",11255.3
"LA","MO",16399.97
"LA","MP",54.5
"LA","MS",12846.1
"LA","MT",1019.61
"LA","NC",36085.63
"LA","ND",736.7
"LA","NE",3731.66
"LA","NH",5911.03
"LA","NJ",108478.45
"LA","NM",6984.07
"LA","NV",4483.05
"LA","NY",648037.2
"LA","OH",23468.82
"LA","OK",147358.78
"LA","OR",9213.08
"LA","PA",43183.76
"LA","PR",187.54
"LA","RI",2567.32
"LA","SC",7708.94
"LA","SD",537.59
"LA","TN",17153.22
"LA","TX",127918.3
"LA","UT",4556.04
"LA","VA",61563.64
"LA","VI",61
"LA","VT",2055.6
"LA","WA",94552.94
"LA","WI",11522.61
"LA","WV",1941.27
"LA","WY",354.63
"LA","",1431670.87
"MA","AA",239.34
"MA","AE",373.54
"MA","AK",1824.49
"MA","AL",1910.18
"MA","AP",271.19
"MA","AR",1908.49
"MA","AZ",10508.62
"MA","CA",347259.11
"MA","CO",13735.37
"MA","CT",82327.59
"MA","DC",28480.44
"MA","DE",1871.69
"MA","FL",37319.95
"MA","GA",15446.09
"MA","GU",144
"MA","HI",2046.73
"MA","IA",4737.6
"MA","ID",1423.98
"MA","IL",76847.02
"MA","IN",13215.28
"MA","KS",1845.87
"MA","KY",2118.89
"MA","LA",3006.35
"MA","MA",2506355.38
"MA","MD",28462.14
"MA","ME",14149.98
"MA","MI",14766.51
"MA","MN",53875.32
"MA","MO",11959.43
"MA","MS",892.36
"MA","MT",755.72
"MA","NC",23213.36
"MA","ND",304.46
"MA","NE",1876.12
"MA","NH",37407.48
"MA","NJ",74341.96
"MA","NM",2498.42
"MA","NV",2477.09
"MA","NY",666682.55
"MA","OH",17400.44
"MA","OK",2873.51
"MA","OR",5622.76
"MA","PA",30446.06
"MA","PR",846.88
"MA","RI",24035.96
"MA","SC",4685.15
"MA","SD",271.46
"MA","TN",7226.27
"MA","TX",33934.17
"MA","UT",2324.36
"MA","VA",33469.42
"MA","VI",143.07
"MA","VT",7075.51
"MA","WA",130287.15
"MA","WI",9653.84
"MA","WV",461
"MA","WY",567.54
"MA","",1144657.29
"MD","AA",52.34
"MD","AE",1601.75
"MD","AK",1100.12
"MD","AL",2667.27
"MD","AP",403.4
"MD","AR",2179
"MD","AZ",10578.23
"MD","CA",301774.45
"MD","CO",16382.92
"MD","CT",28593.82
"MD","DC",144361.87
"MD","DE",9069.15
"MD","FL",44371.67
"MD","GA",15270.08
"MD","GU",212.5
"MD","HI",1547.45
"MD","IA",4388.32
"MD","ID",2069.76
"MD","IL",78637.44
"MD","IN",12505.79
"MD","KS",2617.55
"MD","KY",4493.01
"MD","LA",3674.5
"MD","MA",51264.28
"MD","MD",1680907.91
"MD","ME",2643.18
"MD","MI",17273.36
"MD","MN",11518.61
"MD","MO",15033.13
"MD","MP",106.25
"MD","MS",1043.24
"MD","MT",2659.57
"MD","NC",34008.47
"MD","ND",405.48
"MD","NE",1913.19
"MD","NH",5512.31
"MD","NJ",111684.35
"MD","NM",4202.29
"MD","NV",3899.77
"MD","NY",466905.12
"MD","OH",17654.44
"MD","OK",8939.57
"MD","OR",9940.16
"MD","PA",85326.38
"MD","PR",381.51
"MD","RI",2012.53
"MD","SC",6253.09
"MD","SD",716.97
"MD","TN",9137.31
"MD","TX",37572.15
"MD","UT",3766.38
"MD","VA",113776.75
"MD","VI",106.25
"MD","VT",2100.44
"MD","WA",71745.6
"MD","WI",13321.09
"MD","WV",4874.73
"MD","WY",288.11
"MD","",846966.87
"ME","AE",420.27
"ME","AK",947.11
"ME","AL",646.05
"ME","AP",539.77
"ME","AR",190.59
"ME","AZ",4314.27
"ME","CA",61340.36
"ME","CO",4102.12
"ME","CT",40155.79
"ME","DC",15570.03
"ME","DE",1736.8
"ME","FL",11067.46
"ME","GA",8772.12
"ME","HI",1073.67
"ME","IA",863.21
"ME","ID",356.28
"ME","IL",181460.14
"ME","IN",1117.54
"ME","KS",928.52
"ME","KY",217.1
"ME","LA",1497.17
"ME","MA",41315.51
"ME","MD",11779.55
"ME","ME",400462.28
"ME","MI",2282.02
"ME","MN",1992.13
"ME","MO",3510.29
"ME","MS",128.29
"ME","MT",138.5
"ME","NC",9416.58
"ME","ND",131.75
"ME","NE",217.47
"ME","NH",7986.49
"ME","NJ",23567.15
"ME","NM",1552.33
"ME","NV",770.44
"ME","NY",175846.93
"ME","OH",3483.51
"ME","OK",542.31
"ME","OR",2042.62
"ME","PA",77238.49
"ME","PR",102.91
"ME","RI",2661.74
"ME","SC",2399.24
"ME","SD",141.09
"ME","TN",4364.65
"ME","TX",14806.98
"ME","UT",627.51
"ME","VA",11641.99
"ME","VT",1402.4
"ME","WA",23391.23
"ME","WI",2777.81
"ME","WV",284.51
"ME","WY",108.8
"ME","",272508.2
"MI","AA",4.1
"MI","AB",17
"MI","AE",1331.48
"MI","AK",2016.97
"MI","AL",3006.68
"MI","AP",2118.9
"MI","AR",1985.09
"MI","AZ",30740.44
"MI","CA",424830.92
"MI","CO",23987.54
"MI","CT",19262.48
"MI","DC",37624.76
"MI","DE",3844.42
"MI","FL",51318.96
"MI","GA",31869.35
"MI","HI",3312.26
"MI","IA",4472.79
"MI","ID",1943.16
"MI","IL",162803.4
"MI","IN",25881.97
"MI","KS",4930.99
"MI","KY",5866.07
"MI","LA",3508.27
"MI","MA",38675.92
"MI","MD",37981.96
"MI","ME",2878.62
"MI","MI",2201086.25
"MI","MN",12321.05
"MI","MO",11732.93
"MI","MS",1028.61
"MI","MT",1478.63
"MI","NC",34742.03
"MI","ND",1492.87
"MI","NE",4493.35
"MI","NH",4774.87
"MI","NJ",78621
"MI","NM",5264.64
"MI","NV",6999.84
"MI","NY",799041.01
"MI","OH",27765.41
"MI","OK",11463.04
"MI","OR",6953.83
"MI","PA",31548.18
"MI","PR",270.16
"MI","RI",1721.6
"MI","SC",6627.21
"MI","SD",783.14
"MI","TN",7953.05
"MI","TX",56335.98
"MI","UT",4343.43
"MI","VA",37761.12
"MI","VI",218.35
"MI","VT",1667.97
"MI","WA",67339.43
"MI","WI",19424.69
"MI","WV",1166.35
"MI","WY",1350.03
"MI","",1668986.94
"MN","AA",20.5
"MN","AE",398.95
"MN","AK",607.57
"MN","AL",1088.26
"MN","AP",25
"MN","AR",701.82
"MN","AZ",12556.18
"MN","CA",97244.31
"MN","CO",8920.02
"MN","CT",6775.33
"MN","DC",23228.56
"MN","DE",907.27
"MN","FL",15308.43
"MN","GA",6650.57
"MN","HI",1944.52
"MN","IA",7508.83
"MN","ID",540.78
"MN","IL",68630.61
"MN","IN",3490.43
"MN","KS",2319.39
"MN","KY",592.82
"MN","LA",5528.42
"MN","MA",32726.34
"MN","MD",10800.8
"MN","ME",918.15
"MN","MI",6768.23
"MN","MN",892054.46
"MN","MO",10481.77
"MN","MP",91.8
"MN","MS",221.25
"MN","MT",952.56
"MN","NC",8851.78
"MN","ND",3968.22
"MN","NE",1140.49
"MN","NH",789.11
"MN","NJ",42591.92
"MN","NM",1817.57
"MN","NV",2652.26
"MN","NY",199248.46
"MN","OH",4679.49
"MN","OK",5884.85
"MN","OR",4788.62
"MN","PA",7571.97
"MN","PR",101.44
"MN","RI",1072.28
"MN","SC",1042.5
"MN","SD",3757.42
"MN","TN",3697.4
"MN","TX",15869.58
"MN","UT",1728.27
"MN","VA",8893.73
"MN","VI",41.75
"MN","VT",366.73
"MN","WA",20511.86
"MN","WI",30812.1
"MN","WV",251.45
"MN","WY",227.3
"MN","",460571.54
"MO","AA",212.5
"MO","AE",1776
"MO","AK",2309.11
"MO","AL",4940.14
"MO","AP",403.75
"MO","AR",9062.08
"MO","AZ",18551.58
"MO","CA",364721.88
"MO","CO",36081.73
"MO","CT",29767
"MO","DC",26917.84
"MO","DE",2916.72
"MO","FL",40299.47
"MO","GA",21309.7
"MO","GU",42.5
"MO","HI",2640.55
"MO","IA",11599.93
"MO","ID",1780.29
"MO","IL",480116.44
"MO","IN",17385
"MO","KS",49939.14
"MO","KY",7564.73
"MO","LA",17706.43
"MO","MA",35810.97
"MO","MD",35529.7
"MO","ME",5185.09
"MO","MI",23489.01
"MO","MN",28753.55
"MO","MO",1416632.47
"MO","MS",2105.55
"MO","MT",3353.41
"MO","NC",30168.67
"MO","ND",896.87
"MO","NE",7217.6
"MO","NH",5135.07
"MO","NJ",114459.14
"MO","NM",14271.94
"MO","NV",3534.01
"MO","NY",515326.74
"MO","OH",32937.28
"MO","OK",434535.86
"MO","OR",14647.74
"MO","PA",32119.6
"MO","PR",63.75
"MO","RI",2984.33
"MO","SC",6247.11
"MO","SD",1402.06
"MO","TN",14895.37
"MO","TX",60447.4
"MO","UT",4154.49
"MO","VA",42747.37
"MO","VI",425.6
"MO","VT",747.73
"MO","WA",163300.84
"MO","WI",16543.15
"MO","WV",2135.9
"MO","WY",671.21
"MO","",905835.37
"MS","AE",930.17
"MS","AK",1396.84
"MS","AL",16272.09
"MS","AP",295.54
"MS","AR",3517.24
"MS","AS",100
"MS","AZ",9641.29
"MS","CA",306822.38
"MS","CO",14959.38
"MS","CT",19412.96
"MS","DC",11848.83
"MS","DE",5040.98
"MS","FL",29265.5
"MS","GA",34503.39
"MS","GU",21.25
"MS","HI",1341.88
"MS","IA",3310.53
"MS","ID",926.62
"MS","IL",48376.62
"MS","IN",6682.4
"MS","KS",3237.29
"MS","KY",3325.03
"MS","LA",53207.75
"MS","MA",26953.44
"MS","MD",26163.32
"MS","ME",2516.66
"MS","MI",18691.89
"MS","MN",7843.33
"MS","MO",9942.18
"MS","MP",17
"MS","MS",726271.19
"MS","MT",1979.28
"MS","NC",25099.89
"MS","ND",321.97
"MS","NE",5594.22
"MS","NH",3724.36
"MS","NJ",53181.92
"MS","NM",2674.31
"MS","NV",1699.76
"MS","NY",256514.51
"MS","OH",13167.23
"MS","OK",41655.64
"MS","OR",8856.12
"MS","PA",26007.3
"MS","PR",147.63
"MS","RI",1278.18
"MS","SC",4762.88
"MS","SD",541.11
"MS","TN",25182.49
"MS","TX",44462.46
"MS","UT",2298.8
"MS","VA",37309.15
"MS","VI",8.5
"MS","VT",408.11
"MS","WA",101585.89
"MS","WI",7401.18
"MS","WV",1503.68
"MS","WY",367.6
"MS","",778222.34
"MT","AE",162.48
"MT","AK",10874.14
"MT","AL",229.54
"MT","AP",347.05
"MT","AR",178.83
"MT","AZ",3215.63
"MT","BC",21.25
"MT","CA",74843.72
"MT","CO",6393.17
"MT","CT",1776.35
"MT","DC",4816.46
"MT","DE",242.79
"MT","FL",1667.24
"MT","GA",1572.87
"MT","HI",269.28
"MT","IA",918.61
"MT","ID",1029.46
"MT","IL",10112.45
"MT","IN",467.29
"MT","KS",1429.95
"MT","KY",78.65
"MT","LA",636.12
"MT","MA",3308.2
"MT","MD",3911.46
"MT","ME",214.62
"MT","MI",1129.09
"MT","MN",1748.64
"MT","MO",1356.58
"MT","MP",42.5
"MT","MS",123.45
"MT","MT",218880.32
"MT","NC",2024.7
"MT","ND",2974.1
"MT","NE",93.25
"MT","NH",546.08
"MT","NJ",1710.3
"MT","NM",500.95
"MT","NV",1092.88
"MT","NY",42630.43
"MT","OH",1123.09
"MT","OK",149.42
"MT","OR",2267.94
"MT","PA",29548.44
"MT","RI",181.99
"MT","SC",219.97
"MT","SD",388.45
"MT","TN",649.13
"MT","TX",4364.95
"MT","UT",1058.6
"MT","VA",2925.12
"MT","VT",195.5
"MT","WA",14095.88
"MT","WI",642.24
"MT","WV",65.45
"MT","WY",654.48
"MT","",121228.06
"NC","AA",362.68
"NC","AE",8339.9
"NC","AK",4308.56
"NC","AL",16341.06
"NC","AP",6608.75
"NC","AR",8053.53
"NC","AZ",43167.56
"NC","CA",787098.71
"NC","CO",61875.75
"NC","CT",77856.99
"NC","DC",68828.06
"NC","DE",10631.17
"NC","FL",162409.2
"NC","GA",130540.89
"NC","GU",832.51
"NC","HH",149.87
"NC","HI",9483.9
"NC","IA",16557.78
"NC","ID",3955.39
"NC","IL",451226.79
"NC","IN",30846.66
"NC","KS",9603.57
"NC","KY",25234
"NC","LA",29659.05
"NC","MA",132344.91
"NC","MD",137810.43
"NC","ME",10081.49
"NC","MI",66350.26
"NC","MN",23935.76
"NC","MO",30853.88
"NC","MP",51.3
"NC","MS",5023.71
"NC","MT",3830.85
"NC","NC",5282702.86
"NC","ND",1863.27
"NC","NE",21128.2
"NC","NH",13681.33
"NC","NJ",314167.61
"NC","NM",9972.74
"NC","NV",16253.91
"NC","NY",1734927.16
"NC","OH",86373.1
"NC","OK",58674.85
"NC","OR",18691.84
"NC","PA",119518.17
"NC","PR",1163.32
"NC","RI",5969.67
"NC","SC",76009.45
"NC","SD",2048.76
"NC","TN",46788.41
"NC","TX",133549.76
"NC","UT",6993.3
"NC","VA",183006.85
"NC","VI",189.43
"NC","VT",5135.92
"NC","WA",332226.61
"NC","WI",38783.13
"NC","WV",11947.97
"NC","WY",2080.73
"NC","",2584601.12
"ND","AK",626.15
"ND","AL",61.08
"ND","AP",44.2
"ND","AR",24.65
"ND","AZ",1136.51
"ND","CA",16104.75
"ND","CO",2632.45
"ND","CT",2769.35
"ND","DC",2143.54
"ND","DE",150.65
"ND","FL",1582.83
"ND","GA",454.56
"ND","HI",123.02
"ND","IA",362.14
"ND","ID",280.17
"ND","IL",10922.62
"ND","IN",502.67
"ND","KS",235.03
"ND","KY",36.55
"ND","LA",1249.77
"ND","MA",1574.74
"ND","MD",362.98
"ND","ME",66.68
"ND","MI",223.04
"ND","MN",4196.79
"ND","MO",494.58
"ND","MS",25
"ND","MT",1051.83
"ND","NC",1555.56
"ND","ND",94265.79
"ND","NE",562.84
"ND","NH",24.6
"ND","NJ",2474.41
"ND","NM",31.45
"ND","NV",125.72
"ND","NY",12076.9
"ND","OH",167.96
"ND","OK",78.68
"ND","OR",579.68
"ND","PA",536.25
"ND","RI",25.5
"ND","SC",44.75
"ND","SD",587.89
"ND","TN",117.17
"ND","TX",1719.13
"ND","UT",83.05
"ND","VA",969.42
"ND","WA",2234.33
"ND","WI",1036.48
"ND","WV",108.05
"ND","WY",185
"ND","",46362.22
"NE","AE",2184.18
"NE","AK",270.28
"NE","AL",588.19
"NE","AR",107.6
"NE","AZ",3699.39
"NE","CA",62618.98
"NE","CO",3736.49
"NE","CT",1401.2
"NE","DC",8870.24
"NE","DE",369.96
"NE","FL",5007.68
"NE","GA",1899.69
"NE","HI",297.83
"NE","IA",6438.52
"NE","ID",133.03
"NE","IL",112992.76
"NE","IN",2496.75
"NE","KS",1521.03
"NE","KY",284.95
"NE","LA",5374.03
"NE","MA",1584.82
"NE","MD",2180.81
"NE","ME",587.6
"NE","MI",1459.05
"NE","MN",1261.2
"NE","MO",2710.36
"NE","MS",21.37
"NE","MT",112.81
"NE","NC",2035.49
"NE","ND",39.12
"NE","NE",174858.39
"NE","NH",184.85
"NE","NJ",7286.77
"NE","NM",596.49
"NE","NV",631.77
"NE","NY",47996.1
"NE","OH",1525.37
"NE","OK",28545.56
"NE","OR",483.8
"NE","PA",1998.05
"NE","RI",55.25
"NE","SC",419.38
"NE","SD",3557.04
"NE","TN",778.55
"NE","TX",4957.09
"NE","UT",1374.9
"NE","VA",2336.38
"NE","VT",77.35
"NE","WA",3772.09
"NE","WI",1331.45
"NE","WV",451.81
"NE","WY",124.15
"NE","",138338.23
"NH","AE",106.75
"NH","AK",156.46
"NH","AL",258.35
"NH","AP",106.25
"NH","AR",38.74
"NH","AZ",3674.4
"NH","CA",36124.47
"NH","CO",1278.14
"NH","CT",15359.01
"NH","DC",4849.98
"NH","DE",234.96
"NH","FL",11425.57
"NH","GA",4881.34
"NH","HI",641.21
"NH","IA",635.24
"NH","ID",138.45
"NH","IL",34796.42
"NH","IN",1028.09
"NH","KS",459.12
"NH","KY",194.14
"NH","LA",182.04
"NH","MA",27385.21
"NH","MD",2160.92
"NH","ME",4304.49
"NH","MI",628.57
"NH","MN",605.06
"NH","MO",918.51
"NH","MS",123.86
"NH","MT",61.5
"NH","NC",1791.3
"NH","ND",12.75
"NH","NE",324.65
"NH","NH",381598.65
"NH","NJ",26533.69
"NH","NM",457.33
"NH","NV",34.7
"NH","NY",94733.85
"NH","OH",860.13
"NH","OK",267.27
"NH","OR",921.74
"NH","PA",4091.2
"NH","RI",782.56
"NH","SC",449.76
"NH","SD",2
"NH","TN",267.42
"NH","TX",4205.35
"NH","UT",367.77
"NH","VA",3486.56
"NH","VT",1890.11
"NH","WA",4186.8
"NH","WI",1259.04
"NH","WV",38.67
"NH","WY",34.91
"NH","",131157.28
"NJ","AA",21.25
"NJ","AE",1928.09
"NJ","AK",1316.72
"NJ","AL",1620.2
"NJ","AP",726.95
"NJ","AR",836.5
"NJ","AZ",10285.4
"NJ","CA",195503.97
"NJ","CO",9158.66
"NJ","CT",25211.5
"NJ","DC",27959.32
"NJ","DE",6129.72
"NJ","FL",42906.38
"NJ","GA",24487.1
"NJ","GU",42.5
"NJ","HI",1623.93
"NJ","IA",3517.51
"NJ","ID",1438.35
"NJ","IL",43484.93
"NJ","IN",6593.16
"NJ","KS",3899.71
"NJ","KY",739.77
"NJ","LA",3252.46
"NJ","MA",80632.06
"NJ","MD",23815.92
"NJ","ME",1734.69
"NJ","MI",9056.98
"NJ","MN",10882.97
"NJ","MO",7307.15
"NJ","MS",527.85
"NJ","MT",1387.57
"NJ","NC",30448.06
"NJ","ND",222.92
"NJ","NE",2313.38
"NJ","NH",4871.1
"NJ","NJ",2160533.19
"NJ","NM",2026.42
"NJ","NV",3436.72
"NJ","NY",735979.98
"NJ","OH",7421.17
"NJ","OK",6205.23
"NJ","OR",4954.29
"NJ","PA",101482.98
"NJ","PR",429.25
"NJ","RI",1919.75
"NJ","SC",5446.5
"NJ","SD",751.74
"NJ","TN",4662.98
"NJ","TX",24777.38
"NJ","UT",1234.81
"NJ","VA",46677.81
"NJ","VI",259.25
"NJ","VT",690.6
"NJ","WA",80492.92
"NJ","WI",5121.59
"NJ","WV",514.28
"NJ","WY",30.45
"NJ","",1517466.49
"NM","AA",17
"NM","AE",291.25
"NM","AK",1318.38
"NM","AL",1496.89
"NM","AP",188.9
"NM","AR",1411.09
"NM","AS",118.9
"NM","AZ",16293.35
"NM","CA",140068.97
"NM","CO",17269.95
"NM","CT",4983.28
"NM","DC",6763.74
"NM","DE",144.32
"NM","FL",10548.84
"NM","GA",5959.17
"NM","HI",1572.45
"NM","IA",842.5
"NM","ID",468.52
"NM","IL",29140.32
"NM","IN",3070.45
"NM","KS",2395.15
"NM","KY",1206.23
"NM","LA",5108.39
"NM","MA",9672.39
"NM","MD",13930.22
"NM","ME",862.48
"NM","MI",4424.87
"NM","MN",4036.77
"NM","MO",9204.04
"NM","MS",529.76
"NM","MT",1072.48
"NM","NC",6544.96
"NM","ND",25.5
"NM","NE",949.99
"NM","NH",1175.61
"NM","NJ",28815.16
"NM","NM",321446.46
"NM","NV",1135.62
"NM","NY",124313.08
"NM","OH",5322
"NM","OK",19332.13
"NM","OR",7354.21
"NM","PA",6974.14
"NM","PR",50
"NM","RI",1553.14
"NM","SC",2299.9
"NM","SD",236.44
"NM","TN",3088.04
"NM","TX",30358.54
"NM","UT",2446.44
"NM","VA",18996.24
"NM","VI",136.85
"NM","VT",528.96
"NM","WA",27028.72
"NM","WI",3637.14
"NM","WV",522.9
"NM","WY",258.1
"NM","",261463.18
"NV","AA",27
"NV","AE",466.75
"NV","AK",2526.59
"NV","AL",1785.45
"NV","AP",586.78
"NV","AR",889.04
"NV","AZ",19144.57
"NV","CA",956276.36
"NV","CO",10197.64
"NV","CT",6566.55
"NV","DC",15134.43
"NV","DE",715.36
"NV","FL",15375.06
"NV","GA",8449.3
"NV","GU",344.61
"NV","HI",5175.54
"NV","IA",2446.35
"NV","ID",2584.11
"NV","IL",44285.03
"NV","IN",4606.95
"NV","KS",2569.5
"NV","KY",1121.34
"NV","LA",4910.06
"NV","MA",8960.59
"NV","MD",17396.77
"NV","ME",1026.92
"NV","MI",10479.12
"NV","MN",10614.63
"NV","MO",5324.49
"NV","MS",555.25
"NV","MT",1500.97
"NV","NC",11416.27
"NV","ND",1115.74
"NV","NE",3003.64
"NV","NH",1557.31
"NV","NJ",44619.29
"NV","NM",6214.51
"NV","NV",1309172.21
"NV","NY",361578.25
"NV","OH",11771.64
"NV","OK",14241.22
"NV","OR",6680.89
"NV","PA",13858.36
"NV","PR",31.45
"NV","RI",1385.13
"NV","SC",2357.6
"NV","SD",330
"NV","TN",3291.14
"NV","TX",24057.78
"NV","UT",5939.97
"NV","VA",12139.28
"NV","VI",63.75
"NV","VT",582.55
"NV","WA",47748.1
"NV","WI",9164.18
"NV","WV",676.51
"NV","WY",337.9
"NV","",548118.29
"NY","AA",532.05
"NY","AE",5548.04
"NY","AK",8861.16
"NY","AL",18120.37
"NY","AP",2604.66
"NY","AR",7471.31
"NY","AS",21.25
"NY","AZ",80858.24
"NY","CA",2043961.48
"NY","CO",110580.63
"NY","CT",436245.34
"NY","DC",138571.13
"NY","DE",16433.6
"NY","FL",259450.75
"NY","GA",107167.33
"NY","GU",145
"NY","HI",15479.37
"NY","IA",49623.99
"NY","ID",8208.73
"NY","IL",332658.16
"NY","IN",49550.48
"NY","KS",18266.42
"NY","KY",16297.38
"NY","LA",33916.81
"NY","MA",630285.88
"NY","MD",291706.56
"NY","ME",33213.93
"NY","MI",89745.77
"NY","MN",98022.93
"NY","MO",64226.54
"NY","MP",32.65
"NY","MS",11785.26
"NY","MT",14560.04
"NY","NC",162127.29
"NY","ND",4456.24
"NY","NE",29062.46
"NY","NH",34915.11
"NY","NJ",1148603.19
"NY","NM",21349.42
"NY","NV",25491.59
"NY","NY",18978443.2
"NY","OH",105619.8
"NY","OK",57323.43
"NY","OR",45075.81
"NY","PA",273168.47
"NY","PR",2773.19
"NY","RI",20071.54
"NY","SC",31495.73
"NY","SD",2641.79
"NY","TN",49302.09
"NY","TX",236947.97
"NY","UT",18363.14
"NY","VA",283811.48
"NY","VI",571.3
"NY","VT",19779.83
"NY","WA",954015.77
"NY","WI",61025.59
"NY","WV",5576.61
"NY","WY",3009.92
"NY","",5772561.48
"OH","AE",399.96
"OH","AK",1441.46
"OH","AL",2672.61
"OH","AP",263.77
"OH","AR",1123.83
"OH","AS",9.78
"OH","AZ",10827.35
"OH","CA",249767.54
"OH","CO",11416.22
"OH","CT",8935.88
"OH","DC",39121.32
"OH","DE",1467.83
"OH","FL",37407.2
"OH","GA",22181.49
"OH","HI",1364.13
"OH","IA",2999.64
"OH","ID",967.84
"OH","IL",92249.69
"OH","IN",32342.41
"OH","KS",3097.54
"OH","KY",13259.18
"OH","LA",2514.63
"OH","MA",25431.68
"OH","MD",23281.62
"OH","ME",1001.69
"OH","MI",21615.23
"OH","MN",4813.78
"OH","MO",12911.12
"OH","MS",702.12
"OH","MT",1131.16
"OH","NC",32584.28
"OH","ND",897.18
"OH","NE",1573.44
"OH","NH",1486.97
"OH","NJ",77252.68
"OH","NM",927.29
"OH","NV",3326.92
"OH","NY",608192.12
"OH","OH",1219742.2
"OH","OK",6714.28
"OH","OR",6078.98
"OH","PA",31959.94
"OH","PR",41.57
"OH","RI",1340.11
"OH","SC",6040.03
"OH","SD",310.38
"OH","TN",8653.22
"OH","TX",41379.1
"OH","UT",1455.81
"OH","VA",29921.64
"OH","VI",34
"OH","VT",1179.4
"OH","WA",66683.64
"OH","WI",10352.27
"OH","WV",5144.31
"OH","WY",409.89
"OH","",867692.76
"OK","AA",21.25
"OK","AE",1098.2
"OK","AK",1864.08
"OK","AL",5105.12
"OK","AP",1118.64
"OK","AR",10264.65
"OK","AZ",20680.25
"OK","CA",247069.89
"OK","CO",19067.19
"OK","CT",14562.92
"OK","DC",25981.4
"OK","DE",1685.85
"OK","FL",45532.88
"OK","GA",27850.24
"OK","GU",95.45
"OK","HI",4095.46
"OK","IA",5570.44
"OK","ID",2506.94
"OK","IL",530901.75
"OK","IN",8419.66
"OK","KS",22198.06
"OK","KY",3609.44
"OK","LA",7885.09
"OK","MA",23052.9
"OK","MD",27120.09
"OK","ME",2381.04
"OK","MI",14662.92
"OK","MN",9246.93
"OK","MO",18438.15
"OK","MP",84.15
"OK","MS",1359.58
"OK","MT",1439.71
"OK","NC",22046.03
"OK","ND",571.43
"OK","NE",5518.65
"OK","NH",3440.88
"OK","NJ",94983.79
"OK","NM",3615.83
"OK","NV",3552.58
"OK","NY",1262356.8
"OK","OH",13771.64
"OK","OK",2644566.32
"OK","OR",7978.61
"OK","PA",24207.09
"OK","PR",63.75
"OK","RI",538.88
"OK","SC",4422.44
"OK","SD",445.02
"OK","TN",9056.9
"OK","TX",148346.44
"OK","UT",3629.44
"OK","VA",31653.95
"OK","VI",16.15
"OK","VT",2847.6
"OK","WA",92281.73
"OK","WI",32242.02
"OK","WV",582.88
"OK","WY",1492.24
"OK","",971471
"OR","AA",299.97
"OR","AE",1647.66
"OR","AK",1646.88
"OR","AL",959.63
"OR","AP",328.57
"OR","AR",654.6
"OR","AZ",14985.87
"OR","CA",779057.24
"OR","CO",9869.93
"OR","CT",9745.78
"OR","DC",33428.74
"OR","DE",1231.77
"OR","FL",10628.15
"OR","GA",14342.68
"OR","GU",26.74
"OR","HI",4428.73
"OR","IA",3591.57
"OR","ID",4691.58
"OR","IL",190278.69
"OR","IN",4386.58
"OR","KS",2494.1
"OR","KY",1620.64
"OR","LA",6040.83
"OR","MA",62384.9
"OR","MD",14353.84
"OR","ME",2221.54
"OR","MI",8328.19
"OR","MN",9626.31
"OR","MO",7733.81
"OR","MS",509.92
"OR","MT",4555.34
"OR","NC",12692.13
"OR","ND",1623.21
"OR","NE",1660.05
"OR","NH",4269.47
"OR","NJ",40276.01
"OR","NM",3361.89
"OR","NV",5868
"OR","NY",363351.06
"OR","OH",6913.29
"OR","OK",14670.35
"OR","OR",949995.05
"OR","PA",16086.88
"OR","PR",151.15
"OR","RI",794.71
"OR","SC",2278.38
"OR","SD",469.07
"OR","TN",7713.35
"OR","TX",21379.11
"OR","UT",2867.83
"OR","VA",12770.88
"OR","VT",1656.85
"OR","WA",114780.88
"OR","WI",7281.44
"OR","WV",423.76
"OR","WY",1171.9
"OR","",1146297.13
"PA","AA",85
"PA","AE",1450.81
"PA","AK",3052.76
"PA","AL",3517.65
"PA","AP",560.64
"PA","AR",2364.75
"PA","AS",85
"PA","AZ",22733.59
"PA","CA",357885.05
"PA","CO",45678.32
"PA","CT",44035.26
"PA","DC",48145.34
"PA","DE",20666.12
"PA","FL",63983.08
"PA","GA",44750.46
"PA","GU",131.3
"PA","HI",4296.33
"PA","IA",5866.23
"PA","ID",1725.95
"PA","IL",132167.84
"PA","IN",12193.16
"PA","KS",3972.2
"PA","KY",5305.66
"PA","LA",5734.73
"PA","MA",190774.16
"PA","MD",66519.62
"PA","ME",3517.85
"PA","MI",22111.43
"PA","MN",13395.18
"PA","MO",16587.02
"PA","MS",725.21
"PA","MT",1863.96
"PA","NC",52801.8
"PA","ND",1218.21
"PA","NE",3578.64
"PA","NH",6666.59
"PA","NJ",251456.57
"PA","NM",7019.49
"PA","NV",5579.67
"PA","NY",866547.52
"PA","OH",27767.48
"PA","OK",33570.54
"PA","OR",9622.92
"PA","PA",2389105.96
"PA","PR",520.55
"PA","RI",5128.38
"PA","SC",15231.19
"PA","SD",701.97
"PA","TN",11865.86
"PA","TX",54976.29
"PA","UT",3293.45
"PA","VA",61370.62
"PA","VI",172.08
"PA","VT",4410.89
"PA","WA",135991.03
"PA","WI",11898.17
"PA","WV",3145.96
"PA","WY",3528.5
"PA","",1388317.99
"RI","AE",20.5
"RI","AK",238.25
"RI","AL",171.07
"RI","AP",58.32
"RI","AR",49.3
"RI","AZ",4187.91
"RI","CA",68111.04
"RI","CO",2439.19
"RI","CT",14107.87
"RI","DC",3048.27
"RI","DE",310.3
"RI","FL",5431.3
"RI","GA",2693.83
"RI","HI",696.81
"RI","IA",214.8
"RI","ID",151.61
"RI","IL",12077.04
"RI","IN",1892.95
"RI","KS",192.25
"RI","KY",487.15
"RI","LA",491.13
"RI","MA",39896.11
"RI","MD",4279.47
"RI","ME",1990.98
"RI","MI",1475.89
"RI","MN",2168.16
"RI","MO",1983.94
"RI","MS",38.8
"RI","MT",100.9
"RI","NC",3783.85
"RI","ND",159.05
"RI","NE",328.8
"RI","NH",2067.39
"RI","NJ",20993.63
"RI","NM",309.04
"RI","NV",236.19
"RI","NY",254179.41
"RI","OH",2501.51
"RI","OK",129.78
"RI","OR",705.86
"RI","PA",8915.94
"RI","RI",313538.66
"RI","SC",1890.01
"RI","SD",221
"RI","TN",2429.72
"RI","TX",10102.89
"RI","UT",550.24
"RI","VA",4791.1
"RI","VI",21.25
"RI","VT",296.71
"RI","WA",11482.23
"RI","WI",3138.68
"RI","WV",280.09
"RI","WY",140.25
"RI","",162766.21
"SC","AE",1500.74
"SC","AK",2190.8
"SC","AL",9361.57
"SC","AP",924.23
"SC","AR",1716.13
"SC","AZ",17015.95
"SC","CA",316619.76
"SC","CO",23389.25
"SC","CT",25598.09
"SC","DC",19187.98
"SC","DE",5591.81
"SC","FL",101680.26
"SC","GA",59905.5
"SC","GU",164.4
"SC","HI",4553.35
"SC","IA",6032.55
"SC","ID",2123.29
"SC","IL",86849.13
"SC","IN",12022.05
"SC","KS",3522.21
"SC","KY",8785.55
"SC","LA",6195.79
"SC","MA",61647.3
"SC","MD",59238.92
"SC","ME",4197.87
"SC","MI",20397.15
"SC","MN",15444.16
"SC","MO",14075.91
"SC","MS",2318.07
"SC","MT",2583.53
"SC","NC",207094.23
"SC","ND",2407.36
"SC","NE",8235.07
"SC","NH",17703.98
"SC","NJ",115545.4
"SC","NM",4611.44
"SC","NV",5682.98
"SC","NY",676562.93
"SC","OH",27496.59
"SC","OK",75394.19
"SC","OR",9947.31
"SC","PA",61806.08
"SC","PR",965.2
"SC","RI",2838.4
"SC","SC",2584473.39
"SC","SD",744.23
"SC","TN",20196.48
"SC","TX",56545.35
"SC","UT",3055.74
"SC","VA",72226.1
"SC","VI",29
"SC","VT",2024.05
"SC","WA",148909.38
"SC","WI",11870.54
"SC","WV",2974.33
"SC","WY",7148.22
"SC","",1149654.17
"SD","AA",4.56
"SD","AE",133.8
"SD","AK",2861.85
"SD","AL",552.07
"SD","AR",802.23
"SD","AZ",7651.76
"SD","CA",37433.54
"SD","CO",3750.8
"SD","CT",5106.87
"SD","DC",3865.24
"SD","DE",667.48
"SD","FL",2704.95
"SD","GA",3370.33
"SD","GU",21.63
"SD","HI",696.02
"SD","IA",1991.68
"SD","ID",46.75
"SD","IL",22650.44
"SD","IN",958.36
"SD","KS",851.92
"SD","KY",917.73
"SD","LA",1522.16
"SD","MA",4222.81
"SD","MD",3526.45
"SD","ME",653.64
"SD","MI",1618.21
"SD","MN",7519.01
"SD","MO",1538.14
"SD","MS",24.6
"SD","MT",3004.53
"SD","NC",2124.22
"SD","ND",1649.02
"SD","NE",3592.08
"SD","NH",293.69
"SD","NJ",18434.12
"SD","NM",200.01
"SD","NV",755.13
"SD","NY",58391.31
"SD","OH",2665.24
"SD","OK",813.49
"SD","OR",2526.17
"SD","PA",4976.76
"SD","PR",63.75
"SD","RI",202.06
"SD","SC",687.26
"SD","SD",87537.61
"SD","TN",1248.9
"SD","TX",11894.32
"SD","UT",277.97
"SD","VA",4890.18
"SD","VT",256.25
"SD","WA",9494.97
"SD","WI",1682.48
"SD","WV",177.77
"SD","WY",768.96
"SD","",91733.89
"TN","AE",1201.43
"TN","AK",3455.04
"TN","AL",16214.99
"TN","AP",684.67
"TN","AR",7261.25
"TN","AS",14
"TN","AZ",15448.13
"TN","CA",330868.14
"TN","CO",15004.72
"TN","CT",14586.74
"TN","DC",34714.53
"TN","DE",2852.19
"TN","FL",79171.47
"TN","GA",58676.51
"TN","GU",63.75
"TN","HI",2689.1
"TN","IA",4621.79
"TN","ID",2279.55
"TN","IL",234524.78
"TN","IN",23958.51
"TN","KS",4237.89
"TN","KY",15876.54
"TN","LA",10621.26
"TN","MA",34220.7
"TN","MD",33612.69
"TN","ME",2606.42
"TN","MI",15777.41
"TN","MN",16467.5
"TN","MO",18537.35
"TN","MS",33893.06
"TN","MT",1570.98
"TN","NC",29329.84
"TN","ND",783.06
"TN","NE",2620.67
"TN","NH",3182.3
"TN","NJ",195058.33
"TN","NM",2903.13
"TN","NV",4681.49
"TN","NY",637987.16
"TN","OH",22046.54
"TN","OK",309468.74
"TN","OR",8488.02
"TN","PA",39164.68
"TN","PR",146.25
"TN","RI",2773.93
"TN","SC",11096.34
"TN","SD",547.45
"TN","TN",1813912.14
"TN","TX",53965.29
"TN","UT",2341.39
"TN","VA",50845.5
"TN","VI",120
"TN","VT",1184.98
"TN","WA",59662.46
"TN","WI",8953.15
"TN","WV",2177.75
"TN","WY",329.37
"TN","",1039676.83
"TX","AA",225.36
"TX","AE",3643.68
"TX","AK",6799.62
"TX","AL",15078.29
"TX","AP",992
"TX","AR",11546.59
"TX","AS",21.25
"TX","AZ",52181.93
"TX","CA",2749622.73
"TX","CO",126860.61
"TX","CT",45381.36
"TX","DC",46733.67
"TX","DE",4721.29
"TX","FL",94653.18
"TX","GA",203675.75
"TX","GU",463.98
"TX","HI",8411.13
"TX","IA",14345.07
"TX","ID",4400.75
"TX","IL",354393.33
"TX","IN",32122.24
"TX","KS",19283.17
"TX","KY",10481.54
"TX","LA",34300.21
"TX","MA",109102.88
"TX","MD",68283.99
"TX","ME",7831.33
"TX","MI",41380.01
"TX","MN",25658.03
"TX","MO",39799.51
"TX","MS",6684.37
"TX","MT",6650.72
"TX","NC",67464.26
"TX","ND",3189.53
"TX","NE",11597.51
"TX","NH",9607.93
"TX","NJ",280155.44
"TX","NM",16230.85
"TX","NV",12456.14
"TX","NY",1784992.36
"TX","OH",33384.35
"TX","OK",746655
"TX","OR",18959.12
"TX","PA",71471.14
"TX","PR",1322.75
"TX","RI",5960.57
"TX","SC",17563.86
"TX","SD",2488.87
"TX","TN",38434.9
"TX","TX",6022847.73
"TX","UT",10459.05
"TX","VA",81176.81
"TX","VI",516.72
"TX","VT",3126.83
"TX","WA",181421.45
"TX","WI",27586.53
"TX","WV",3056.52
"TX","WY",1712.35
"TX","",4859348.2
"UT","AA",29.75
"UT","AE",481.38
"UT","AK",818.09
"UT","AL",1716.04
"UT","AP",822.79
"UT","AR",540.31
"UT","AZ",14025.64
"UT","CA",1712861.82
"UT","CO",8042.31
"UT","CT",6337.08
"UT","DC",34863.42
"UT","DE",1215.23
"UT","FL",9079.59
"UT","GA",7244.49
"UT","HI",1485.07
"UT","IA",2756.23
"UT","ID",5220.03
"UT","IL",58946.64
"UT","IN",1780.28
"UT","KS",1355.27
"UT","KY",2035.01
"UT","LA",13283.75
"UT","MA",16324.55
"UT","MD",9608.32
"UT","ME",1775.42
"UT","MI",6787.54
"UT","MN",3176.44
"UT","MO",3579.07
"UT","MP",17
"UT","MS",370.28
"UT","MT",2092
"UT","NC",6364.08
"UT","ND",490.43
"UT","NE",978.64
"UT","NH",1330.37
"UT","NJ",22783.8
"UT","NM",1406.58
"UT","NV",9513.87
"UT","NY",289687.97
"UT","OH",3937.66
"UT","OK",4816.39
"UT","OR",5336.64
"UT","PA",9603.53
"UT","PR",21.25
"UT","RI",349.8
"UT","SC",2873.08
"UT","SD",277.06
"UT","TN",3324.48
"UT","TX",19033.05
"UT","UT",932106.25
"UT","VA",19862.37
"UT","VT",651.7
"UT","WA",27579.88
"UT","WI",3159.02
"UT","WV",360.87
"UT","WY",1062.62
"UT","",1443501.84
"VA","AA",21.25
"VA","AE",3003.1
"VA","AK",1131.18
"VA","AL",4661.83
"VA","AP",1468.05
"VA","AR",4862.84
"VA","AZ",12540.75
"VA","CA",219174.08
"VA","CO",17195.98
"VA","CT",17897.19
"VA","DC",117009.13
"VA","DE",4211.9
"VA","FL",57802.2
"VA","GA",20264.78
"VA","GU",59.5
"VA","HI",4079.73
"VA","IA",4098.08
"VA","ID",1222.39
"VA","IL",107235.78
"VA","IN",8607.21
"VA","KS",3476.36
"VA","KY",4154.75
"VA","LA",4255.58
"VA","MA",28090.84
"VA","MD",43457.53
"VA","ME",2884.51
"VA","MI",24267.15
"VA","MN",7835.86
"VA","MO",11255.31
"VA","MP",50
"VA","MS",896.1
"VA","MT",1250.07
"VA","NC",47315.38
"VA","ND",440.65
"VA","NE",2257.72
"VA","NH",3003.83
"VA","NJ",102511.53
"VA","NM",1677.14
"VA","NV",3965.4
"VA","NY",498731.04
"VA","OH",17568.97
"VA","OK",30976.29
"VA","OR",6084.43
"VA","PA",55548.88
"VA","PR",253.4
"VA","RI",1550.75
"VA","SC",12907.34
"VA","SD",586.68
"VA","TN",11877.93
"VA","TX",39838.25
"VA","UT",2432.4
"VA","VA",1685647.09
"VA","VI",80.75
"VA","VT",1511.43
"VA","WA",57607.86
"VA","WI",12291.98
"VA","WV",4472.55
"VA","WY",707.88
"VA","",1036158.97
"VT","AK",79.54
"VT","AL",177.71
"VT","AR",46.44
"VT","AZ",1538.95
"VT","CA",19678.05
"VT","CO",1523.62
"VT","CT",7736.3
"VT","DC",2612.52
"VT","DE",420.65
"VT","FL",2811.72
"VT","GA",1346.67
"VT","HI",391.91
"VT","IA",34.5
"VT","ID",207.85
"VT","IL",4467.23
"VT","IN",963.74
"VT","KS",71.88
"VT","KY",183.85
"VT","LA",63.79
"VT","MA",15209.75
"VT","MD",2540.42
"VT","ME",639.2
"VT","MI",332.33
"VT","MN",780.38
"VT","MO",471.09
"VT","MS",29.3
"VT","MT",31.6
"VT","NC",1969.79
"VT","NE",4.1
"VT","NH",3422.6
"VT","NJ",3031.59
"VT","NM",42.5
"VT","NV",46.96
"VT","NY",38630.23
"VT","OH",615.21
"VT","OK",48.91
"VT","OR",429.85
"VT","PA",1832.89
"VT","PR",21.25
"VT","RI",458.8
"VT","SC",1086.33
"VT","SD",49.41
"VT","TN",803.27
"VT","TX",3686.08
"VT","UT",86.3
"VT","VA",2470.73
"VT","VT",81765.39
"VT","WA",4943.49
"VT","WI",1142.42
"VT","WV",65.45
"VT","WY",18.3
"VT","",89571.11
"WA","AA",2.46
"WA","AE",1314.81
"WA","AK",2454.63
"WA","AL",3400.91
"WA","AP",1299.81
"WA","AR",927.98
"WA","AS",59.5
"WA","AZ",19925.38
"WA","CA",468530.62
"WA","CO",21132.75
"WA","CT",17891.28
"WA","DC",66462.77
"WA","DE",1588.57
"WA","FL",17843.61
"WA","GA",25853.03
"WA","GU",61.24
"WA","HI",7506.66
"WA","IA",2773.55
"WA","ID",9280.91
"WA","IL",136450.66
"WA","IN",13642.26
"WA","KS",3741.45
"WA","KY",3723.68
"WA","LA",77876.57
"WA","MA",22476.65
"WA","MD",18598.44
"WA","ME",1436.15
"WA","MI",11403.35
"WA","MN",9040.98
"WA","MO",10938.78
"WA","MP",17
"WA","MS",794.49
"WA","MT",3935.28
"WA","NC",15512.03
"WA","ND",709.39
"WA","NE",3553.96
"WA","NH",2143.83
"WA","NJ",62605.97
"WA","NM",2425.43
"WA","NV",5083.92
"WA","NY",498875.49
"WA","OH",8374.95
"WA","OK",8186.7
"WA","OR",53145.21
"WA","PA",17848.8
"WA","PR",93.5
"WA","RI",1056.19
"WA","SC",3177.03
"WA","SD",612.09
"WA","TN",6275.13
"WA","TX",30836.4
"WA","UT",3773.63
"WA","VA",25174.9
"WA","VI",23.71
"WA","VT",1705.75
"WA","WA",2961636.47
"WA","WI",14276.3
"WA","WV",594.85
"WA","WY",726.22
"WA","",1732527.14
"WI","AA",93.14
"WI","AE",1321.56
"WI","AK",667.44
"WI","AL",1514.37
"WI","AP",335.25
"WI","AR",1087.87
"WI","AZ",14126.69
"WI","CA",166002.65
"WI","CO",30653.4
"WI","CT",7062.05
"WI","DC",26870.98
"WI","DE",1134.49
"WI","FL",15323.38
"WI","GA",11223.43
"WI","GU",132.7
"WI","HI",3468.65
"WI","IA",4655.02
"WI","ID",529.49
"WI","IL",600998.62
"WI","IN",9853.5
"WI","KS",1579.61
"WI","KY",1399.71
"WI","LA",4629.31
"WI","MA",18913.75
"WI","MD",12877.92
"WI","ME",1135.8
"WI","MI",16275.63
"WI","MN",24934.91
"WI","MO",7787.62
"WI","MS",720.04
"WI","MT",514.28
"WI","NC",8708.75
"WI","ND",450.5
"WI","NE",492.58
"WI","NH",1449.66
"WI","NJ",78866.28
"WI","NM",1277.7
"WI","NV",1937.32
"WI","NY",335294.43
"WI","OH",9114.58
"WI","OK",20571.44
"WI","OR",3755
"WI","PA",9595.01
"WI","PR",34
"WI","RI",871.72
"WI","SC",2425.8
"WI","SD",404.23
"WI","TN",8362.57
"WI","TX",20788.56
"WI","UT",2237.35
"WI","VA",15964.45
"WI","VI",227.34
"WI","VT",563.6
"WI","WA",41500.91
"WI","WI",931958.34
"WI","WV",269.9
"WI","WY",797.44
"WI","",535525.1
"WV","AE",593.9
"WV","AK",193.62
"WV","AL",2149.08
"WV","AR",777.35
"WV","AZ",3771.67
"WV","CA",59413.9
"WV","CO",14219.36
"WV","CT",2428.08
"WV","DC",6777.95
"WV","DE",884
"WV","FL",9115.05
"WV","GA",4833.44
"WV","GU",21.25
"WV","HI",464.56
"WV","IA",735.06
"WV","ID",296.17
"WV","IL",80378.89
"WV","IN",2204.73
"WV","KS",1668.01
"WV","KY",2059.93
"WV","LA",454.94
"WV","MA",4589.2
"WV","MD",19083.37
"WV","ME",342.71
"WV","MI",3550.36
"WV","MN",798.75
"WV","MO",3620.09
"WV","MP",42.5
"WV","MS",220.55
"WV","MT",207.44
"WV","NC",9975.06
"WV","ND",42.5
"WV","NE",176.44
"WV","NH",673.05
"WV","NJ",33938.94
"WV","NM",1400.82
"WV","NV",535.19
"WV","NY",138707.23
"WV","OH",13240.27
"WV","OK",2784.09
"WV","OR",8043.66
"WV","PA",19061.16
"WV","RI",820.3
"WV","SC",1592.31
"WV","SD",2103.15
"WV","TN",2736.71
"WV","TX",8159.35
"WV","UT",482.88
"WV","VA",22433.06
"WV","VT",223.67
"WV","WA",21959.29
"WV","WI",4091.61
"WV","WV",244390.62
"WV","WY",66.42
"WV","",183590.73
"WY","AK",145.03
"WY","AL",140
"WY","AR",11.9
"WY","AZ",1276.27
"WY","CA",22457.98
"WY","CO",5577.07
"WY","CT",356.04
"WY","DC",1294.94
"WY","DE",184.06
"WY","FL",1916.2
"WY","GA",2854.53
"WY","HI",328.87
"WY","IA",553.96
"WY","ID",407.4
"WY","IL",21281
"WY","IN",234.06
"WY","KS",289
"WY","KY",48.55
"WY","LA",204.08
"WY","MA",594.04
"WY","MD",1831.51
"WY","ME",61.65
"WY","MI",607.03
"WY","MN",128.95
"WY","MO",133.8
"WY","MS",3.4
"WY","MT",437.45
"WY","NC",885.68
"WY","ND",179.81
"WY","NE",332.09
"WY","NH",127.5
"WY","NJ",2563.31
"WY","NM",220.12
"WY","NV",567.48
"WY","NY",32036.42
"WY","OH",577.46
"WY","OK",42.6
"WY","OR",280.37
"WY","PA",795.49
"WY","RI",77.35
"WY","SC",104.1
"WY","SD",252.75
"WY","TN",2626.28
"WY","TX",1396.42
"WY","UT",237.25
"WY","VA",1476.68
"WY","VT",191.25
"WY","WA",4429.04
"WY","WI",960.51
"WY","WV",191.4
"WY","WY",64367.36
"WY","",47118.3
